,Sequence,Entropy
0,AAAAAGCCACTAGGA,-0.253694618
1,AAAACGCTAGACCTG,-0.253694618
2,AAACACTACGGACTA,-22.85331639
3,AAACCGCAGAGTTGA,-23.89964386
4,AAACGGCATCCCTAC,-18.09377097
5,AAACGGTGTCCGACG,-18.09377097
6,AAAGCAGCAGGAACG,-1.273726809
7,AAAGCGGCGGTGAGT,-1.273726809
8,AAAGGTATGAGGGTT,-1.273726809
9,AAAGGTCCGATCGGC,-1.273726809
10,AAAGTGTTAGTCGCT,-1.273726809
11,AAAGTTCAAAAGCTT,-1.273726809
12,AAATAGTAGCGCATA,-18.09377097
13,AAATCCAATGTTCTG,-23.02002153
14,AAATCGAATGCCTGC,-18.06191273
15,AAATCTAGACCTTAA,-18.06080063
16,AAATCTGCTTGATGC,-18.06080063
17,AAATGCTCGAAGCGC,-22.86912115
18,AAATTCATCTTAGTC,-23.02621746
19,AACACCTCGGTCAGC,-8.046325369
20,AACACGGCTAGGTAT,-8.115043516
21,AACAGCCCGACCACA,-8.676628193
22,AACAGCGTAATATAG,-10.75353111
23,AACAGGCAATCAGAT,-10.09663933
24,AACAGGTTCTTAACC,-9.839805956
25,AACCCGGCGACACCG,-10.64185569
26,AACCGACCCAGGTGT,-8.845317602
27,AACCGGGCGAGGGCC,-11.2790395
28,AACCTTTTCCGGTGA,-8.58598783
29,AACGAATCGCCCGAC,-8.922404695
30,AACGATTTGGGGCCA,-8.831738801
31,AACGCCACGAAGTAG,-8.007950716
32,AACGCGGCGCGATCG,-8.124379697
33,AACGGAGAATGAATC,-8.545347383
34,AACGGAGAGGGTAGC,-8.481807427
35,AACGGGTCAGGGTAG,-8.433681457
36,AACGGTTGGGGTTGA,-8.536225236
37,AACGTGTACAGGTAT,-8.473650187
38,AACTCAAAGTGCCGG,-10.69732162
39,AACTCGCGTAAAATT,-11.0494972
40,AACTGCGGGTGTTGC,-12.25014929
41,AAGAAGTGGTATAGC,1.846113915
42,AAGCAATATGGATGA,-9.329506336
43,AAGCCATATCCCCTA,-9.297650005
44,AAGCGTCCACATGGC,-15.16612373
45,AAGCTGGATCTCACA,-15.11390968
46,AAGGACAGGTGCACG,1.67697665
47,AAGGACCTATTCTTC,1.67697665
48,AAGGATGGATGTGGA,1.67697665
49,AAGGGGTCACGGTCG,1.67697665
50,AAGGGTGACAACTAA,1.67697665
51,AAGTAAACCGTATGA,3.370588004
52,AAGTAACCGTCTCAA,3.507376826
53,AAGTAAGAGAACCTG,3.369100248
54,AAGTCTTTCGTTACC,-2.533642903
55,AAGTGGCAACAATTA,-8.290162999
56,AAGTGGGATTCCATG,-2.181271536
57,AAGTGTCGACCAGGG,-8.206581508
58,AAGTTGCGTCCATGG,-7.344091386
59,AATAAAACTTCAGGC,2.850580041
60,AATAACGGTCTCCAA,2.850580041
61,AATACAACCTGTGGT,2.850580041
62,AATACAAGGTGTTCA,2.850580041
63,AATACGATGTTGCAT,2.850580041
64,AATAGAGATCTTAGA,2.850580041
65,AATATTAACAACGCC,2.850580041
66,AATCACGCAGTTAGT,2.850580041
67,AATCGGCCGTGGAAG,2.850580041
68,AATCGGGCCACATGC,2.850580041
69,AATGAAGGCGGGCCG,2.850580041
70,AATGAGATGATAATG,2.850580041
71,AATGCAGCGTTCTCT,2.850580041
72,AATGCCGATCGTATG,2.850580041
73,AATGCGCATCCAAGC,2.850580041
74,AATGGCGCCGCAGAA,2.850580041
75,AATTAATTAACTTTT,2.850580041
76,AATTCTCAGCCATGC,2.850580041
77,AATTCTGTCTATCTC,2.850580041
78,AATTCTTAGCAGGTT,2.850580041
79,AATTTTATAGTACTA,2.850580041
80,ACAACCTCCGTAGGT,-5.507060618
81,ACAACGAATATTTCA,-5.507060618
82,ACAAGACTTAGCTAT,-11.44444977
83,ACAAGAGATCGGTAT,-11.44444977
84,ACAAGGGGCTACGGA,-11.46095071
85,ACAAGTGTCCGCTCA,-10.83218526
86,ACAATACTCATCCAT,-17.10499451
87,ACAATCAATCGGGGC,-18.57409215
88,ACAATCCACCCGGGG,-17.78165106
89,ACACATATAAGAGGA,-8.571639723
90,ACACCACGATCTGGC,-8.540157972
91,ACACCTCTAGCCACG,-8.764360022
92,ACACGAACCCAGGGC,-8.611124744
93,ACACGCAGCCCTAGA,-8.609508898
94,ACACGCATTTAACGA,-8.683330931
95,ACACTGGAGTTATTG,-9.900463654
96,ACAGAAGTGCGTCCT,-11.59623207
97,ACAGACCTATGACCG,-11.24031381
98,ACAGCTTAGTCTTAG,-5.494504916
99,ACAGGAAATTTTAAT,-11.43188972
100,ACAGGGTAGGTCTAA,-11.44838998
101,ACATCTTCCTCATTT,-5.50705968
102,ACATGCCGACTGCCC,-11.45560271
103,ACATTATGAGCCCAG,-16.98211301
104,ACATTCGATAACTCT,-18.76166084
105,ACCAAAAGTTAAACC,-11.59543231
106,ACCAAACACCGTGGC,-11.59543231
107,ACCACCAATTCACCT,-11.23039657
108,ACCACCCATTGTGCA,-11.23039657
109,ACCACGTTTTCAGAT,-24.36030611
110,ACCAGTTGAGTGCAC,-10.90069644
111,ACCATATTTCGTGAA,-17.85053642
112,ACCCAATCAAAAGGA,-8.42154042
113,ACCCACATAACACCT,-8.597243693
114,ACCCCATAAGTATTG,-8.476273966
115,ACCCCTACACTCATT,-8.835214104
116,ACCCCTATCTAGGCA,-8.815044125
117,ACCCGACTCGATTAT,-8.864439512
118,ACCCGAGCATAGATT,-8.636052832
119,ACCCGTGCACGATTG,-8.698548977
120,ACCCTATCGTATTCT,-9.543183716
121,ACCCTCCGAAGCTAA,-10.08068844
122,ACCCTCTGCGCATCG,-10.03739045
123,ACCGATCGACCGTTA,-10.92926153
124,ACCGATGTAGTCAAT,-10.92926153
125,ACCTAATTTGACGGG,-11.59543244
126,ACCTCGGTACAAGAT,-17.0703234
127,ACCTGATTCCCGTTC,-11.51296511
128,ACCTTGTGAAACCAG,-17.19866043
129,ACCTTTCTTTGCGAA,-18.57836919
130,ACGACCATATACCAT,-2.431814688
131,ACGAGGCAGCTAATG,-8.475232751
132,ACGATTCCTTTATTT,-14.79528073
133,ACGCCATTGCCCAGA,-6.031921466
134,ACGCCTCGGATCGTC,-5.856543508
135,ACGCCTTTGGGCCCT,-6.08361966
136,ACGCTAATTCAGTCT,-7.195748397
137,ACGCTATTTATGCAT,-7.037438263
138,ACGGACGTGTTCATA,-8.373851455
139,ACGGCGCTAGCTCCA,-2.588427125
140,ACGGGCAGTTACTAA,-8.62648195
141,ACGGTAGACAAATTT,-14.37531675
142,ACGGTTTGTCGAGCC,-15.63690739
143,ACGTAAATCGATGGA,3.978069393
144,ACGTATCTTTATCCT,4.893004765
145,ACGTCACGTGATTCC,10.00946968
146,ACGTCACTTCCAGAG,9.985122869
147,ACGTCGCATGCGCCA,9.976474556
148,ACGTCGCCTGAGACG,9.822846258
149,ACGTGATGATCTAAG,3.974229156
150,ACTACCATCGCTAGT,-11.01450099
151,ACTAGCATACCGTGA,-11.61257487
152,ACTATAGCTCGAGCA,-18.36497372
153,ACTATCGGATACCTT,-18.49483349
154,ACTATGGGATCAGGC,-17.22635418
155,ACTCACCGCAGGACC,-8.705734612
156,ACTCAGGGAAGCAAG,-9.034938858
157,ACTCATAGACTGTTT,-9.209281957
158,ACTCGACGTACCCTA,-9.482409109
159,ACTCTAGCGAAATCC,-9.766894311
160,ACTCTGACCAGGAAC,-9.680679342
161,ACTGACATTGTCGCG,-11.3154131
162,ACTGTCTTACTTTGC,-18.09862222
163,ACTTCTCAGGAGCGA,-28.64499832
164,ACTTGCATACCAGGT,-11.61257582
165,ACTTGCCTTGTGATC,-11.61257582
166,ACTTGTGCAACGCAG,-10.98915634
167,ACTTTCACACAGGAT,-17.93851753
168,AGAAAAAAACGTATG,-11.70569137
169,AGAAAGACGGGTGGT,-11.36492669
170,AGAACGACTTTAAAA,-5.605318022
171,AGAACGCTTTCCGAA,-5.605318022
172,AGAAGCTGATCAACT,-11.55157719
173,AGAATAAAGTACTCG,-17.4257167
174,AGACCCACCGTACGA,0.111540097
175,AGACGAGGTTTAATC,0.111540097
176,AGACGATAACAACTG,0.111540097
177,AGACGCATGTTCAGT,0.111540097
178,AGACGGAAATAGTGT,0.111540097
179,AGACGTATCAGCCTC,0.111540097
180,AGACGTCCTACCCAC,0.111540097
181,AGACTTATTAATCGC,0.111540097
182,AGACTTCAATTACTG,0.111540097
183,AGAGCCCGGGTGTTC,-5.572426959
184,AGAGGGCTATAAGCC,-11.52403185
185,AGAGTGAAGACTTAA,-17.19963827
186,AGAGTGCCCTGTCCC,-16.92124561
187,AGATAGGATCAGCGC,-10.96044356
188,AGATAGGTAAGAGAG,-10.96044356
189,AGATAGGTACCCAAC,-10.96044356
190,AGATCAAGGAGTCCT,-5.200834248
191,AGATCATGGTAACAA,-5.200834248
192,AGATCTCCAACGCAT,-5.200834248
193,AGATGGCTCGGTAAA,-11.15244519
194,AGATGTTCATCGGGA,-10.52367345
195,AGATTAGGTTACAAC,-17.73138316
196,AGCAAAGGGGCCAAG,-11.68992409
197,AGCACATTCCAGATG,-24.31247358
198,AGCAGGCTTGGAAAG,-11.62396652
199,AGCCACAGACGCCGA,0.127322764
200,AGCCCTCCGCACCCG,0.127322764
201,AGCCGGGAGCAGCAC,0.127322764
202,AGCGATGCTTTTTTC,-11.00341959
203,AGCGCAGAATGCCGT,-17.13333106
204,AGCGCGTTATTGGCT,-24.38219505
205,AGCGTTTGATCCTCG,-17.58831879
206,AGCTATACAATAAAT,-10.63182666
207,AGCTCAACGATCACG,-24.66628863
208,AGCTTATTTTTCAAT,-17.18000244
209,AGCTTGCTCAGGGGT,-16.52659528
210,AGGAAAAGTTTTCTA,-8.668892517
211,AGGAGACGACGAGCC,-8.554076142
212,AGGAGATTTCAGAAG,-8.554076142
213,AGGAGCAGGATCCAT,-8.565226545
214,AGGAGGGCCGCGGCG,-8.570575336
215,AGGAGGGGTCTGAGG,-8.570575336
216,AGGAGTAAGCGTACT,-7.941807689
217,AGGAGTCCCTTGTTG,-7.941807689
218,AGGATAGGCTTAAGG,-14.3297291
219,AGGATCAGGGCGTAC,-14.93601104
220,AGGCATTCCCCACAC,2.954783063
221,AGGCCGACCAGACTT,2.954783063
222,AGGCGCAAATCCTTA,2.954783063
223,AGGCGGAACGTGATC,2.954783063
224,AGGCGGTCATCATGC,2.954783063
225,AGGCGGTCTGACGGC,2.954783063
226,AGGCTATCACCGATG,2.954783063
227,AGGCTTACCGCCCAT,2.954783063
228,AGGCTTCATATTATC,2.954783063
229,AGGGATACAGGAAAT,-8.151538014
230,AGGGCCAGCCCAGAA,-2.665159507
231,AGGGCGCCAGGAATG,-2.665159507
232,AGGGCTGTACAGATA,-2.665159507
233,AGGGGCAGATCATCA,-8.70148516
234,AGGGGCGCTACAACT,-8.70148516
235,AGGGGTCCTTGGCTC,-8.078067347
236,AGGGGTCTCAACCTT,-8.078067347
237,AGGGGTCTGACTTAA,-8.078067347
238,AGGGTAATCAATAGT,-14.31398087
239,AGGGTACGACACTGT,-14.43217744
240,AGGGTGTCAGGCCTC,-14.39633735
241,AGGTCACTCCGAAAA,10.29467968
242,AGGTCGCCACGTATC,10.30906355
243,AGGTGTATCCCGCCT,5.067590566
244,AGGTGTTCATGCGCA,5.008223908
245,AGTAAGCATTGCAAT,-11.438029
246,AGTAAGCCGTAAATA,-11.438029
247,AGTAATTCTATCAGG,-11.12518328
248,AGTACGGCACCCTTA,-16.9507097
249,AGTACTAGGTTTCTC,-23.34011095
250,AGTACTCGCGACGTC,-23.11819523
251,AGTAGGTTAGAGGTC,-11.71284212
252,AGTATGCGAGGAGTG,-16.84731309
253,AGTATGTCCGGGTGC,-17.03356725
254,AGTCAAGGGGTCAAA,0.038452115
255,AGTCACATATATCGA,0.038452115
256,AGTCACTGGGCTATA,0.038452115
257,AGTCCGTGACCTAAC,0.038452115
258,AGTCGAAGCCTCGAC,0.038452115
259,AGTCGGGCATCCCAA,0.038452115
260,AGTCGTGGCTTTCTT,0.038452115
261,AGTCTGCATTTGATC,0.038452115
262,AGTGATGTAGGTCGA,-11.09229283
263,AGTGCAATTGCCTAC,-26.51155229
264,AGTGGGATAAGAAGA,-11.67995025
265,AGTGTTCTACCTCTA,-17.80234717
266,AGTGTTGGCTTAGCG,-17.66657542
267,AGTTAATCCAATACG,-11.37432372
268,AGTTCGAGTCTAAAA,-23.44647749
269,AGTTCGCCATTACTT,-25.7096601
270,AGTTTGATGAGTCGT,-17.09613521
271,AGTTTGTATTTCTTC,-17.18124365
272,ATAAAAGCCACTTAA,-11.36463906
273,ATAAAGCCGGCCGAT,-11.0238795
274,ATAACACGTTCGTGA,-5.262759669
275,ATAACGAAGGGGAGT,-5.262759669
276,ATAAGGTATACTAGG,-11.21726647
277,ATAAGTATGGACCAA,-10.58849884
278,ATAATCCTGGATTGA,-17.67420312
279,ATAATTACGTAGCAG,-17.12872769
280,ATACAATTAAACGTG,-8.357139456
281,ATACACGAGGCCAAC,-8.469443979
282,ATACACGGGGGGTCA,-8.709247163
283,ATACATCTGCTACCA,-8.570708038
284,ATACATTAATTTCTG,-8.998602423
285,ATACCGTCCTATGTC,-8.503895939
286,ATACTCAGTGTTGAG,-9.559442473
287,ATACTCCAGCAATAT,-9.309991593
288,ATAGATATGAGCTAA,-10.71037301
289,ATAGATGTATTCGGT,-10.71037301
290,ATAGCGGGGCATTGT,-5.262108355
291,ATAGGAAATTATTGT,-11.2001135
292,ATAGGAGTATGTCTT,-11.2001135
293,ATAGTCGAACCACGC,-17.97879254
294,ATATAATGTGGCGGG,-11.36463925
295,ATATCTAACACAGCC,-5.262757554
296,ATATCTGCAGGTGGC,-5.262757554
297,ATATGCCACAGTAGC,-11.21191925
298,ATATGCGAGATGATG,-11.21191925
299,ATATGCGGCTTACTT,-11.21191925
300,ATATGGGGGCTACGC,-11.21726784
301,ATATTATGGATTGAT,-17.13462884
302,ATATTTAGTCCTGAA,-18.31278565
303,ATCAACAAGACGTAG,-10.99534407
304,ATCACGCGCGTGCCT,-23.88105773
305,ATCACGGGTTAACCA,-16.8260661
306,ATCACGTGTGAACGG,-23.87342621
307,ATCAGATACTATGCG,-11.26901109
308,ATCAGCGTGAGACGC,-11.28016352
309,ATCAGCTGCCATTAT,-11.28016352
310,ATCAGCTGGCCGAGC,-11.28016352
311,ATCATGTGTTAGATA,-17.36253279
312,ATCCACTCAGTGTGG,-8.419302824
313,ATCCGTACGACGTAC,-8.439106425
314,ATCCGTGGACGCGGA,-8.441188668
315,ATCCTAGTATGATCG,-9.511754228
316,ATCCTGCGTTAGAGA,-9.291923732
317,ATCGAGCCGGGTAAT,-11.00984379
318,ATCGCACGCCGATTG,-24.03462985
319,ATCGGAGGCATTGAG,-11.26835756
320,ATCGGCGAGAGACAT,-11.27950931
321,ATCGGTGAGGATCCC,-10.65608744
322,ATCTAGATCTATTAA,-11.01049443
323,ATCTATCAGCAGTAG,-10.69764745
324,ATCTGCTAACCAGTC,-11.28016452
325,ATCTGTTACAGTGTG,-10.65674141
326,ATCTTAACAAGACTC,-17.15804732
327,ATCTTACCTTTCGTC,-17.2172803
328,ATCTTGTAACAAACC,-16.71639833
329,ATCTTGTAACGGAGG,-16.69544439
330,ATGAAGTCGGCCACA,-7.988348279
331,ATGACGTGGTTTGTC,-2.187592198
332,ATGAGTTCCACGGAG,-7.602721906
333,ATGATCCCTAACTGG,-15.34452606
334,ATGATTCCGGCTTAC,-14.08857861
335,ATGATTCTCCCTGGA,-13.98911013
336,ATGCAACCTATCGAA,-5.834602782
337,ATGCCCGCCAGCAAT,-5.651111856
338,ATGCGGTGAGCATTA,-6.035869988
339,ATGCTAGAAAATCAA,-6.696730912
340,ATGCTATCCATTATA,-6.685659558
341,ATGCTCGAAGCTAAT,-6.707722837
342,ATGCTGCCGATGAAT,-6.59163501
343,ATGCTGTTTCCCAGG,-6.860142644
344,ATGGAGGGCCTCCCT,-8.156830224
345,ATGGATACGACTGGA,-7.843968325
346,ATGGATGACCTATTG,-7.843968325
347,ATGGCGGATGTCCAT,-2.356075259
348,ATGGGGGGGTCAGTA,-8.399966042
349,ATGTAGTTTGATTAG,4.587201663
350,ATGTAGTTTTCACCG,4.72687953
351,ATGTCACTGGCGATC,10.0987329
352,ATGTCAGATGACAGT,10.16748977
353,ATGTCGCCTAAACTT,10.22275562
354,ATGTCGGCCACTGGA,10.2112761
355,ATTAAGGACGTTATT,-11.09907335
356,ATTACCTATCGCATC,-10.77037371
357,ATTCACGGGCACATT,-8.743671539
358,ATTCACGTTAGTGAC,-8.486876835
359,ATTCCATCGATTCAG,-8.294954982
360,ATTCCCAAGCTGCGA,-8.454337757
361,ATTCCCACTTCTGGC,-8.711065194
362,ATTCCTGTGTTCCGT,-8.778146162
363,ATTCGCATGCATAAA,-8.883040829
364,ATTCTATTGTGTGTA,-9.749302013
365,ATTCTCGATGACCGA,-9.552242091
366,ATTGAAGCCCGCTCT,-11.43918463
367,ATTGCGGCACATTGG,-16.60966246
368,ATTGCTGTAGAAGTG,-16.60958005
369,ATTGTGCATTCTAAT,-17.95514483
370,ATTGTGCTGTTATAA,-16.90596848
371,ATTTACGCGGCCGTT,-11.08392066
372,TAAAAGCAACGCGCT,2.961682236
373,TAAACAGGTCTGTTA,2.841927517
374,TAAACCCTTCAGAGT,2.809716521
375,TAAAGCGGCGCCAAA,2.996986752
376,TAAAGTCACGCTTTA,2.618301716
377,TAACAATTCCTGGTC,8.626527391
378,TAACAGCTTCAGGTT,8.732493221
379,TAACGACGCGAGATC,8.894006689
380,TAACTAAGTCAAAGT,8.849952143
381,TAAGAGGGCAAAGGT,8.81732221
382,TAAGAGTGGCAGCAA,8.797955655
383,TAAGCGTCGCGCTCT,8.543677357
384,TAAGGCGGCCTAGGA,8.812385326
385,TAAGGGGGACGACTC,8.801073762
386,TAAGTATCCTACCCT,8.700897431
387,TAAGTCCCAGGCGAT,8.688526703
388,TAAGTTGGTGTCTTA,8.636635115
389,TAATAAACACGCGTT,8.7729592
390,TAATACCACTTTTTC,8.581993035
391,TAATATATGCGCCCC,8.724660902
392,TAATATGAGTCGCAA,8.782465553
393,TAATCATGCTCACGG,8.744025832
394,TAATCCTTGGGTCGA,8.715473081
395,TAATTCATAGACCCC,8.77260841
396,TACACATGCGCGGGG,3.222695532
397,TACACCAGCTGTAGT,3.138782781
398,TACAGAACTAGCAGG,3.083629727
399,TACATATAGCCCGCG,2.957175034
400,TACATCAACGACTTC,2.902844133
401,TACATCATCGTTTTC,2.794323368
402,TACATCGCGAAGGAC,2.978532769
403,TACCACTCACGGCAA,8.904884486
404,TACCGCCGGCAGCTC,8.766843303
405,TACCGTCAAGTAATA,8.714476225
406,TACCGTGACTGGGGA,8.800306895
407,TACCTACACACGTGA,8.889089772
408,TACCTGAACGCCAAA,8.903781861
409,TACCTGGAGAGCTAT,8.827964528
410,TACCTTGGTTCGCAA,8.772960062
411,TACCTTTCAGTCAGC,8.72992795
412,TACGAGCTTACCTAT,8.760986731
413,TACGCCGGCTTATGG,9.056126183
414,TACGCTAAGGTTCAT,8.963687833
415,TACGGAGTGTGGATG,8.841365588
416,TACGGATGGATCCTA,8.756179403
417,TACGGCTTTTAACAG,8.707479066
418,TACGTACTAGGGTAT,8.894528927
419,TACGTTATATTCTCG,8.612512861
420,TACTATGATGTTGGG,8.741376717
421,TACTCCAACCTCAGT,8.909535981
422,TACTCGTTACACCCT,8.866770338
423,TACTCTACCGAACAA,9.094429619
424,TACTCTGCGACACTC,9.009473486
425,TACTGAAGGAGCGAG,8.89187124
426,TACTGCGTCTTCGTA,8.6410986
427,TACTGTCGAATTCTA,8.609062012
428,TACTTAGACTTCGGT,8.704535205
429,TACTTTATAAGGAAT,8.762564899
430,TAGAACTCATTTGAT,2.756081515
431,TAGAAGTTTCCGGTC,2.619720383
432,TAGAGATGCGAACTG,2.978967245
433,TAGAGCACTTTCGTC,2.760878273
434,TAGAGCGCCACAGCC,2.92640958
435,TAGATGAAAAAAGTA,3.101712728
436,TAGCAAGATTGGTTA,8.791287102
437,TAGCATACGTAGGAT,8.77862792
438,TAGCATACTTTTAGT,8.63334809
439,TAGCCGGGCCCGGAG,8.801139799
440,TAGCCTGTCGCTCAC,8.660220227
441,TAGCTGAGAAGCACA,8.871454056
442,TAGCTGCTGCTAAGC,8.686040763
443,TAGGACATCCTATAC,8.663773151
444,TAGGAGCGGGGGAAC,8.825854402
445,TAGGCAACAACCGTA,8.858239665
446,TAGGTTGTCATAGCG,8.652251346
447,TAGTACCACGATTGT,8.675897929
448,TAGTACGATAGGGAA,8.794517114
449,TAGTATGGTGTCCCC,8.624061907
450,TAGTCACATCGAAGA,8.800610297
451,TAGTCTCCCGAAGCT,8.596103895
452,TAGTGATATCCATCA,8.669238859
453,TAGTGGTCATGTTCT,8.42195054
454,TAGTGTGAGCAGATA,8.752358751
455,TAGTTCGAGTGTTCG,8.67569585
456,TAGTTGATCACGTCG,8.888869973
457,TATAAACGTACGTTG,2.840856604
458,TATAAATTACTGTTT,2.648595953
459,TATAACACTAAATTC,2.778697456
460,TATAAGGGTTAGGTC,2.857411423
461,TATAATTGAAGATGT,2.797368937
462,TATAGCGCGACACAA,2.914639128
463,TATAGTTCCGGAATT,2.833300178
464,TATATAAGCTGCTGG,2.905520374
465,TATATGTTGCTAAGC,2.760732062
466,TATCAGGGCCCCTAA,8.676743304
467,TATCCATTTAGTAGA,8.656679791
468,TATCCGAAAATGTCT,8.62520922
469,TATCCGGCTCGCATG,8.646818994
470,TATCCTAGGAGGACG,8.688753719
471,TATCGATAAGCTATA,8.741495463
472,TATCGCGGGTTGCCG,8.635526427
473,TATCGGACTATAGCG,8.73287279
474,TATCGGTTGAATCTC,8.48645753
475,TATCTCAGTATTGTG,8.618930863
476,TATGAATCATACCCT,8.634706474
477,TATTAGCTTGTTACG,8.578417131
478,TATTAGGATGACTGG,8.723857057
479,TATTCCTCTCGAGGT,8.53929771
480,TATTGACGAGACTCC,8.694723959
481,TATTGAGCCGATTTC,8.653049158
482,TATTGTTCTGAACGA,8.656427217
483,TATTTTCCTTGTACA,8.363429103
484,TCAAACTTTCGCTGA,15.93128599
485,TCAACTCGCCGGGCT,15.96318498
486,TCAATTTTGACTCCT,16.39693514
487,TCACAAGGACATTGA,15.78487969
488,TCACCGTCTATCCTC,16.21021789
489,TCACGTATTCCATAC,15.9745574
490,TCACTACCCTCACCA,15.97510455
491,TCACTCCAGTACCGG,15.80606748
492,TCAGAAACGTACGGC,16.12181017
493,TCAGACCAACAAGCA,15.99332998
494,TCAGCCCCGCCCTCA,15.87045692
495,TCAGCCCTGTAGTAC,15.92579799
496,TCAGGGGGTGGGCCG,16.14055684
497,TCAGTCGATCGAAAC,15.99551235
498,TCAGTCGCCTGTTAT,16.15167829
499,TCAGTTCATCCGACC,16.06830008
500,TCATACGATAGCGTG,15.84603707
501,TCATCGTATCGAGGT,15.98329084
502,TCATGAGTAGGGGGT,16.1166145
503,TCATGTTGGCAGATT,15.8681762
504,TCATTAAGCATCCGG,15.95305731
505,TCATTCTGGGCAAGG,15.62950264
506,TCCAACCTTTGAGGG,13.88620479
507,TCCACGGTTCGAGGC,19.89104522
508,TCCAGACAATCAGTG,8.074554926
509,TCCCATTGACTCAAG,7.96669625
510,TCCCCCTACCGGAAG,8.053083112
511,TCCCCTCTCAGTGAG,7.939200914
512,TCCCGACATGTTATC,7.912722546
513,TCCCGACCGGTCCCC,8.167389938
514,TCCCGGAGTAATAAG,8.059745319
515,TCCCGGATACTCCAT,7.929619562
516,TCCGATGACGGATCT,8.097882557
517,TCCGCCGATTGTCAC,8.157258557
518,TCCGGACTGGGGCCA,8.073148994
519,TCCGGGTGGAGATAG,8.111688646
520,TCCGTATCCGGCTTG,7.95035482
521,TCCGTGCGAATCGTG,7.987346755
522,TCCTCAAGATCTCTG,44.06035311
523,TCCTCCCCTACAGTA,41.23090815
524,TCCTCCCTCATTGAG,39.6938973
525,TCCTGAGCTCCTGTC,40.64921218
526,TCCTGGATGTGACTC,42.67667086
527,TCCTGGTTAGGCAAA,39.14084304
528,TCCTTACGTGCAGAA,27.66277485
529,TCCTTGCTAGGGGGG,39.28084482
530,TCGACTCCTCAGCCC,23.83714666
531,TCGAGTTTCCTCATG,23.92748601
532,TCGATCGGGAATATC,25.52697093
533,TCGATCGGTGTCTTA,25.38363217
534,TCGCGCCCTTGCAAG,8.95738976
535,TCGCGCGGGCCATGT,8.973007433
536,TCGCGGTGTACCCCA,8.83117892
537,TCGCTAATAGAGACT,9.160450233
538,TCGCTCGTTGGGCTC,8.978046989
539,TCGGAAACGGATCCA,15.01701774
540,TCGGAAGCGAGAGCT,14.95872233
541,TCGGCTCCTCCTGTT,23.94459836
542,TCGGGCCTCTCGCCG,25.38788548
543,TCGGGTAAGTCGTAG,24.16830023
544,TCGGTCATCTCGATA,25.57864123
545,TCGTACAGTTCCCCC,8.880415538
546,TCGTAGCCATGGCAA,9.048544103
547,TCGTCTAATTGCCCG,9.02763186
548,TCGTCTGGACCGTTC,8.84997926
549,TCGTGAGAGAAAACA,9.226187975
550,TCGTGAGGAACAATA,9.154251493
551,TCGTGGACCGCCGGG,9.264290276
552,TCTAAACTTATACGC,28.42168556
553,TCTACCAGCGACATC,25.99569112
554,TCTAGAGACGACCGT,28.88065297
555,TCTATAACGACAACT,28.4147634
556,TCTATCACAGACATG,28.23521105
557,TCTCCGCTTTAGGAA,7.941240452
558,TCTCCTCTACCTGTC,7.502707609
559,TCTCGTGGTTCCAAC,7.827828513
560,TCTGCCATACATCCC,7.844988169
561,TCTGCGATCATCCGC,8.04213614
562,TCTGCTCAACTGCGA,7.775353938
563,TCTGGAGAACCTCAG,7.932844065
564,TCTGTCATATAAATA,7.919561253
565,TCTGTCTCATCCGCA,7.779374053
566,TCTGTGGCCAGCGAC,7.897244822
567,TCTTAATGACACAAC,42.61107561
568,TCTTACATATTTGAG,42.9203043
569,TCTTATATTTTTTAT,27.94267948
570,TCTTGCTGGTATACT,44.20752953
571,TCTTGTCAAAAGACG,29.01015948
572,TCTTTATTCAGCAGG,39.02093195
573,TCTTTGTCCGTGCAG,38.92704991
574,TGAAACCATCGTAAA,2.728799431
575,TGAAAGTTAGGGGTA,2.627243875
576,TGAACGGCGAGAAAA,2.905936814
577,TGAAGTGTTCGCGGT,2.662440054
578,TGAATCCTGATGTAA,2.612188375
579,TGACAACACCCTTAC,8.631232769
580,TGACAGGAAGGGATT,8.720925135
581,TGACCAAGAAGACGT,8.734477668
582,TGACCACTGCTTTGA,8.435350483
583,TGACGTAAAGCTCTT,8.527162634
584,TGAGAAGGCGCAGCA,8.685376175
585,TGAGAGCCCAAGTGA,8.667945808
586,TGAGCCTTATTTTCG,8.370544251
587,TGAGGCGATGATGAC,8.561761343
588,TGAGGTATCAACTGA,8.770735207
589,TGAGTGCTCTCATCT,8.55355858
590,TGAGTTCAGACTACC,8.454060342
591,TGATAAATCGTTGAT,8.692868277
592,TGATAAGAAGCTTCT,8.599536947
593,TGATCGGAATCCTTA,8.561251529
594,TGATGCCCAAGGATA,8.593072778
595,TGATGCTAGGTGCAT,8.489064736
596,TGATGGGTTGCCAAA,8.605545546
597,TGATTATCCCGGTGT,8.475315676
598,TGCAACTGGTGATAG,2.792508688
599,TGCACGTAAAACCCA,3.078592419
600,TGCACTGACTCTGCT,2.902842141
601,TGCAGATTGACTGCT,2.669367121
602,TGCATCTTGATATTG,2.616531457
603,TGCATGGGACGTAGA,2.828932942
604,TGCCAGTCCCACATG,8.675099231
605,TGCCATCGACACCCG,8.639268544
606,TGCCTGTGTTTTCTA,8.412114968
607,TGCGAATAGCTGATG,8.69796197
608,TGCGACCATTTGAAG,8.654362766
609,TGCGACTGAGTTATT,8.510783592
610,TGCGGCTGCAGGAAC,8.616888803
611,TGCGGGAGTTTCGAG,8.580511766
612,TGCGTAATGCAAAAC,8.722580047
613,TGCGTACGGCGTGCG,8.652214333
614,TGCTATGTGATTTTC,8.428708244
615,TGCTCGGAATTCTCC,8.837359256
616,TGCTGAAGATTGAGG,8.594257138
617,TGCTGGGCGACGACT,8.781638107
618,TGCTGTATTGGAACG,8.544203107
619,TGCTGTCTAATCGAA,8.438385812
620,TGCTGTTTACATGCC,8.418194141
621,TGCTTAACTCGAGTA,8.681272516
622,TGCTTACACTCACGC,8.667806254
623,TGCTTCGAAATACGA,8.653710227
624,TGCTTTGGTCTTGCT,8.40875017
625,TGGAAGAGTACTCAT,2.804908776
626,TGGAAGTCCACCTTC,2.532593126
627,TGGAAGTTACCTTCA,2.495427065
628,TGGATTACTGGGTCG,2.760366658
629,TGGCAGGTCGTTACT,8.44814446
630,TGGCATCCTCGGATT,8.330584534
631,TGGCCATGATCGCGG,8.576602072
632,TGGCGAGTCCCGCTC,8.52241124
633,TGGCTTTTAACTAGG,8.465499084
634,TGGGCAGTTCCGACG,8.561940146
635,TGGGCCCAGTCGGAT,8.332181026
636,TGGGCGCTACGATTA,8.557897839
637,TGGGGCTCAAAGGCA,8.59173297
638,TGGGGGCGCCTCCTA,8.548640837
639,TGGGTTATCCCCATG,8.632122758
640,TGGGTTGTTGCTATG,8.519447119
641,TGGTAACCAGGACAG,8.641773491
642,TGGTATGGTGCCGCC,8.511004123
643,TGGTCATGGGCCCCT,8.51178989
644,TGGTGAAAACTAAGA,8.633795154
645,TGGTGGTCTTAAACC,8.410696558
646,TGGTGTTCGTGCATA,8.428703319
647,TGGTTCAAACCAGAC,8.574473873
648,TGGTTGCCATTATAA,8.528500518
649,TGGTTTCTATCCCAA,8.225162774
650,TGTAAGGTGGGTTCG,2.766420155
651,TGTACACCCCAACTT,2.972550312
652,TGTAGAAGGTAAGGT,2.77142001
653,TGTCCATGATAGTCA,8.61816351
654,TGTCGACCGTATTTC,8.617917409
655,TGTCTTTCCAAAACC,8.550506962
656,TGTGAGGAGTTCACA,8.660668104
657,TGTGATATCGTCCAT,8.538046641
658,TGTGGATTAATGCTA,8.503308158
659,TGTGTAAGAGCCCGA,8.597122752
660,TGTGTGGGAACGATA,8.663427782
661,TGTTAGGTGTGACTG,8.624280838
662,TGTTATCGCGGGAAG,8.684579521
663,TGTTCACAAACCCAA,8.749412112
664,TGTTCAGGCCCCCAA,8.741158921
665,TGTTGACTAAGGAAC,8.604273485
666,TGTTGATGACATGGG,8.546106707
667,TGTTGGTCCCGATAC,8.575477632
668,TGTTTTGTAGTAAAG,8.510373887
669,TTAACACTCCCAGGG,16.19157066
670,TTAACCGGTGATATC,15.73753327
671,TTAACGGCAATAAAA,16.30716039
672,TTAACTGCACACGTT,16.29120786
673,TTAAGACGCATAGGA,15.87889237
674,TTAATGCGTGACAAC,16.12572395
675,TTACAACTAGAGAAG,16.14586611
676,TTACCAGTTGAACAA,15.8667689
677,TTACCGACGCGGCAG,16.40792185
678,TTACGCGGTATCCCC,15.73087356
679,TTACGGATTTCGAAG,16.19649679
680,TTACTGCATACATAT,15.88512843
681,TTACTGGGTTGGCTC,16.16736649
682,TTAGCCCAATGTAGG,15.86997009
683,TTAGCCCACTGGCTG,15.79995027
684,TTAGGGTGCATTCCA,15.78708513
685,TTAGGTATAACAAAT,15.8891583
686,TTAGGTATAGTATAC,15.85442398
687,TTAGTGAGAACTTAG,16.26279247
688,TTAGTGCTGCATAGG,15.77959351
689,TTATCATGAGACGTG,15.75971798
690,TTATCTCCCGGGGAT,15.96467726
691,TTATGCCCAACTATG,15.56088405
692,TTATGTTCGAAGGTT,15.63094878
693,TTATTACGTCAATCT,15.65838896
694,TTATTCTATCCTTTC,15.94890585
695,TTCAAAGAAGCGCCT,13.98548569
696,TTCAACAGACCGTAT,13.87250264
697,TTCACCCTCTGAGAT,25.67794422
698,TTCAGGCGACGGATA,8.057130802
699,TTCATACTACTGACC,19.63654815
700,TTCCAAATACGAGAA,8.142527361
701,TTCCAGCGGAAGAAG,8.134362889
702,TTCCATGCACTCAGA,7.901976168
703,TTCCATGCGAGTAGA,7.969998676
704,TTCCGCAAACCGACC,7.970947043
705,TTCCGGATACGATGC,7.98029066
706,TTCCGTTGCATTTAT,7.714369464
707,TTCGCGCGGTAGATT,8.120067196
708,TTCGTCGTATTCCTT,7.732815432
709,TTCTCAACCATTGCT,39.36553017
710,TTCTCGATCGAAAGT,41.43870641
711,TTCTGAAGCTCTCAC,43.8206628
712,TTCTGATGTATCTAG,27.51255585
713,TTCTTCCTTGCCAGC,27.26928729
714,TTCTTGAGAACATAA,39.43406618
715,TTCTTGAGATGTGGT,43.67185883
716,TTGAATTCATTGTGG,14.68605842
717,TTGACAAGGAGATGA,29.89768506
718,TTGACATGGTAGCGC,26.95270813
719,TTGACTTCAGAGTAT,23.74499542
720,TTGATAGCTATTGTC,29.76702352
721,TTGATCTCGCGTCAT,25.32518876
722,TTGCAAATCTGCACC,9.057652895
723,TTGCAGAGAGGAATC,9.099093243
724,TTGCATGCGGCGATC,8.993335356
725,TTGCCACGCCGGGCG,9.033324035
726,TTGCCTCTTAGGCTG,8.771381309
727,TTGCGTAATCAGTGG,9.001613534
728,TTGCGTATGCAAGTT,8.924588693
729,TTGCTTAAGGGGCAT,9.030783193
730,TTGGAATATGGCACA,14.94382984
731,TTGGAGTGGGGGCAG,14.79863414
732,TTGGCGTACAGTGGG,23.80615405
733,TTGGGCGGCAATCCT,25.36589465
734,TTGGGGGTACATCCC,24.07116513
735,TTGGGTCCCCTCTCA,23.94440909
736,TTGGTCTGTGTTTGC,25.23331619
737,TTGTACGCACAGATG,8.993459354
738,TTGTAGAACCCTCAC,9.085365952
739,TTGTAGTAATGTGGG,8.795633554
740,TTGTATCGAAATTAG,8.84335823
741,TTGTCGCGGCGAGGC,9.010397647
742,TTGTGACTCAGTAAA,9.041200896
743,TTTAAATGTAGATAC,28.23761344
744,TTTAACCGTCAGAGA,31.13085725
745,TTTAATAAGATGCGA,30.82315044
746,TTTAATATAAGGAGG,35.34452637
747,TTTACCTTTCCGAGA,25.73435046
748,TTTACGACCGCGCCT,29.57401645
749,TTTATGAAATTTCCT,28.1841265
750,TTTCCGTGAGCGCAA,7.67235464
751,TTTCGATTTGTTTCT,7.602995014
752,TTTCGCCAGTTGAAA,7.836652717
753,TTTCGTTACGACGCT,7.743125562
754,TTTCTCAGATCACAG,7.88105499
755,TTTCTCATGAGCGCG,7.855858301
756,TTTGAAAATAAACGA,8.042153287
757,TTTGAGTGGGTGACG,7.836915913
758,TTTGATCTCAATTGA,7.491645412
759,TTTGCGCATATTTTT,7.637841473
760,TTTGGAAGCGCTGAG,7.915705441
761,TTTGGTTTCTGAGCT,7.672787987
762,TTTGTGCTCATCAGT,7.948369383
763,TTTGTGGCACAAAAA,7.940701316
764,TTTGTTAAACCCTTG,7.757144218
765,TTTTAGCGTTAGAGG,27.41101293
766,TTTTATTCCAGCCCT,22.96928112
767,TTTTCCTTGACCTGG,42.43037579
768,TTTTCGAGCCGCGCG,42.31503782
769,TTTTGACCGCATGGC,39.38329571
770,TTTTGCATTAATTAT,26.88968063
771,TTTTTAGATTATCCT,26.91467401
772,CAAAAAAATCTCTGC,2.619225708
773,CAAAACTGACCCTTT,2.626105617
774,CAAACCTTGCGGATA,2.609683031
775,CAAAGGAGTTACTAC,2.808081428
776,CAAAGTATACCGGTC,2.504900086
777,CAAATCTTCTTCAGC,2.57937164
778,CAAATGTCACGATGT,2.847341983
779,CAACAAATACTTAAT,8.541624195
780,CAACGGATGTAAGTA,8.870405227
781,CAAGAATTTAGAGGC,8.049833786
782,CAAGATCCCCAGATC,8.117076569
783,CAAGATCGCACTCTT,7.973026527
784,CAAGTCTGTGGCTAA,8.004204168
785,CAATACGCAACCTCC,8.577970534
786,CAATCGATACACAAT,8.349896737
787,CAATGACACAGCTAA,8.686583797
788,CAATTGACCAGGCGT,8.832848341
789,CAATTGGCGCATACC,8.546794535
790,CACACTCAGCTTTGG,2.690538394
791,CACAGCCCATAATTT,2.757588852
792,CACCGCGTAGTCGTG,8.579294523
793,CACCGGAATCGCACG,8.912012082
794,CACCGTAGGTTCTCG,8.484092262
795,CACCTACATATTATG,8.634866429
796,CACCTGTCAACGGAC,8.767826923
797,CACGACTGCTACCTG,7.916711539
798,CACGAGAACGCCCAT,7.931629562
799,CACGATCCCTCGTAG,8.050614098
800,CACGCCCGTACGGCG,8.201770188
801,CACGGCGGAAACACT,8.148268868
802,CACGTCAACATCATG,8.304346447
803,CACTAAACACAAGAT,8.752145288
804,CACTTGCCAGTCTCA,8.759343255
805,CACTTGGACTATGGT,8.448113933
806,CAGAAACTCGCGATA,2.675138058
807,CAGAATGCTCTAGGA,2.660569392
808,CAGACATGAAAGACC,2.767403061
809,CAGACGGTCACACGA,2.623530908
810,CAGAGGTTACTCGCT,2.832198974
811,CAGATACATGACGCT,2.764442487
812,CAGATGATGGCGTTG,2.765082881
813,CAGCAAACGAACCCC,8.594521546
814,CAGCATCTCGCAGCA,8.630050473
815,CAGCCCTGGCTGCCT,8.491120816
816,CAGCGCATCCATCAT,8.523770278
817,CAGGATACTGGCGTA,8.523396505
818,CAGGCCAGCCAGATG,8.573352926
819,CAGGCCCTGACTAAC,8.39555304
820,CAGGGATTTTTGTTG,8.333768923
821,CAGGGCTATCTGGCA,8.514264948
822,CAGGGTCCGAGCTTT,8.315712028
823,CAGTCATAGGTGCCT,8.396675066
824,CAGTCCACGGGCGGT,8.50980852
825,CAGTCTCTCAGGAGA,8.464012531
826,CAGTGGGACGATGAG,8.521651332
827,CATAAAGAATCGTCA,2.72811901
828,CATAATCACACAGCT,2.77938777
829,CATACCGGAGCCGGC,2.610071173
830,CATAGCGTAATGTTG,2.589474523
831,CATATCACCTGAAGA,2.79214892
832,CATATTCACGTAGCA,2.707615552
833,CATATTTACAGGTTT,2.585697396
834,CATCATGGAGCTTTT,8.471919562
835,CATCTTAGGGAAACC,8.609825568
836,CATGAGGTCCTATGA,8.005478758
837,CATGTAAGACCGGCT,8.230090757
838,CATTAACAAACGGAG,8.741720362
839,CATTCCCATCCGAGG,8.564067699
840,CATTGTTCCTACGCT,8.510312858
841,CATTTGGACGCTCGT,8.367156306
842,CCAAACCAGGACAAG,12.83406533
843,CCAAATGAAGCGTAG,13.412444
844,CCAACATGACTTAGT,9.603106641
845,CCAAGACCACTTTTA,12.76929895
846,CCAAGAGGATCACTA,12.69259784
847,CCAAGCCGACCACAA,10.49836083
848,CCAAGGGGCTCATAT,13.05643212
849,CCACCCCCAACACCC,13.09205531
850,CCACCCGGTTCACTT,12.96588532
851,CCACCTCACACGCCC,13.31315244
852,CCACTACCGCCATCT,12.90697478
853,CCACTGAAGTGATTG,13.25148512
854,CCAGACTCAAAGCAC,12.85989207
855,CCAGAGAGACGGACG,12.15121751
856,CCAGATTGATCGCCT,10.58349638
857,CCAGCTACGCGAGTT,13.19561773
858,CCAGGTCATAGCGCG,13.4945518
859,CCAGTAGTAGTCAGC,13.18109143
860,CCAGTCTATCATGCA,13.14577546
861,CCAGTGGCCCATTAA,13.20396237
862,CCAGTGGCTAGTCAG,13.14116199
863,CCATAAATAGGTCAG,12.76209156
864,CCATACTCTGGATGG,12.83670974
865,CCATAGCGCTGCATC,11.86554811
866,CCATGACACACGCTT,12.76888462
867,CCATGACCCCAAGGC,12.85103674
868,CCCAAAGATAGTTAA,14.02858077
869,CCCAACTGCCCATTA,13.93824169
870,CCCAATGCTCTGAGT,13.97312558
871,CCCATATTTAGCGAA,19.8006051
872,CCCCACTCCGGCGTG,8.078013981
873,CCCCAGTAGAGTACC,8.200568729
874,CCCCCGGCATATCCG,8.144509328
875,CCCCGAAATAATACT,8.153798131
876,CCCCGAACAAGTTCC,8.238286438
877,CCCCTAACGCTCTCA,8.091365262
878,CCCGAATGAGGAGTA,7.191252605
879,CCCGACATCCAGACT,7.238537784
880,CCCGCATAGTGAATG,7.553661203
881,CCCGGGGCTCTCGGT,7.08394773
882,CCCGTGCTATCCCTC,6.458552379
883,CCCTAACTCAACTCG,41.73175135
884,CCCTCACTAGTGCTA,39.27873232
885,CCCTCCCCTGTCTTC,40.41306186
886,CCCTCTTTGACTGTT,22.74785345
887,CCCTTCTTTGTCTTA,26.66042892
888,CCCTTTGTTGTTGAT,22.58193438
889,CCGAACGCACACTAA,29.32349173
890,CCGAACGCGCTTCTT,29.46986939
891,CCGAATCCGGGAGTG,11.8255503
892,CCGAGAAGACATTCC,25.55668166
893,CCGAGAATTGTCGGG,26.53904711
894,CCGAGCGTGGATGCC,22.50232849
895,CCGATTCGAGACAGT,19.76785214
896,CCGATTTGCCACTTT,20.01829767
897,CCGCACGAATGGGCG,6.4602917
898,CCGCCTAGACACGGG,5.150975268
899,CCGCGATTAAGACGA,5.710443876
900,CCGCTGACGAACGCC,5.636820017
901,CCGCTTTCCCATCGG,5.84478949
902,CCGGAATATGTAATA,11.64949183
903,CCGGAGTCGTACTCA,11.1451456
904,CCGGCAACGGACCGT,26.21707539
905,CCGGGGCAACCGTTG,20.89894429
906,CCGGGTCGAGACATG,19.68545927
907,CCGGTCGGGCACTAA,22.63011362
908,CCGGTTCACAAGTGC,21.15028544
909,CCGGTTGATCGTCGC,21.06932723
910,CCGTAAGAAGGTGAT,6.18822069
911,CCGTAAGTGGTATGT,5.766676326
912,CCGTCCGCCAGGTCG,6.093087421
913,CCGTCCTGCTCACTA,3.81511155
914,CCGTGCACTACTATC,5.945539227
915,CCGTGGTAGAACTTC,5.579882072
916,CCGTTTCACTCCGGC,6.059659953
917,CCTAAGGCGTTAATC,25.29999063
918,CCTAATAAAGTTGAC,27.88634753
919,CCTACATTTAACGCC,22.81332644
920,CCTACGCTGGCGGGA,26.84504441
921,CCTACGGTGGATCGG,26.81753267
922,CCTAGAACTTAAGTC,25.95376963
923,CCTATACTAAAGGGT,25.15037974
924,CCTCAAGTCGTGCAG,5.002684945
925,CCTCCCGCACGACGA,5.051043575
926,CCTCGCCTACCGGGT,4.874828439
927,CCTCGTACAAAAGAG,4.946375815
928,CCTCTGGAACTGCAG,4.961883686
929,CCTCTGTTCCTAGTT,4.458590573
930,CCTGACGATCACCAC,5.076655095
931,CCTGCAGCGTCCTTC,4.173358961
932,CCTGGGCTTATCTGC,4.464028012
933,CCTGGTATTAAATAA,4.822111651
934,CCTGTTTACATCATA,4.912186653
935,CCTTCATTGTAACAA,39.70966886
936,CCTTCCATTTCCATC,24.30606525
937,CCTTCGGTTGTGCTG,24.62365961
938,CCTTGAGTGAGCTCT,39.47791615
939,CCTTGCGCTTCCTCA,37.95064694
940,CCTTTACTGCGCTCT,38.94169883
941,CCTTTCAGGGAATAG,36.42425088
942,CCTTTTTCAGAATGT,20.15912258
943,CGAACAGCTGGCTCG,-0.483629371
944,CGAACTCGGATTGGA,-2.151610167
945,CGAACTCGTTAAATT,-1.531460586
946,CGACCCGGTTCTAAG,7.313128466
947,CGACCGGATAAGGAG,7.13965418
948,CGACGACATTCACAA,5.668060916
949,CGACGACGTATCTAA,5.473710272
950,CGACGAGCGTATAAT,5.891592553
951,CGAGACTTAAATAAT,6.271049488
952,CGAGATAAAAATCCC,6.495655255
953,CGAGCAACACTCAGC,-5.718282831
954,CGAGCAGTCGCTGAC,5.359409422
955,CGAGTGTCAGCCCAC,5.092738774
956,CGATAAAGCTCCCCC,5.862576307
957,CGATCTGTGAACGTC,5.101785271
958,CGATGAGCTCTCTAT,5.754701273
959,CGATGCTAGGAGGGT,6.113338597
960,CGATTAATGGCATCA,5.890348943
961,CGATTATGTGGACAG,5.938383576
962,CGCAAAGGGCGCGAT,2.168209589
963,CGCAATTCGGCCAGT,2.026990572
964,CGCACGGACAAATAG,1.745729817
965,CGCAGGCCTTCCTAC,2.032895282
966,CGCATCGCGCACGAA,1.85999714
967,CGCATGTAACTTGTT,1.146601351
968,CGCCCCTAGTACACC,7.921982044
969,CGCCGAACACGTGCG,7.83133046
970,CGCCGAACTGCAACT,7.975231613
971,CGCCGCACGTCTACG,7.946766112
972,CGCCGCGTCGCCAGT,7.780629858
973,CGCCGTCAGATGGTA,7.851532246
974,CGCGATAGCGGCTGG,7.751524429
975,CGCGCCAAAAGTGTC,7.715438422
976,CGCGCCCTCGATCGA,7.712255979
977,CGCGCCCTTGAATCC,7.87001658
978,CGCGCTAAACTTATA,7.173043257
979,CGCGCTGGGTACCGC,7.233170352
980,CGCGGTCATTAATTG,7.789531981
981,CGCGTCCGCGAATTT,7.663727316
982,CGCGTGAAGAGGGCG,7.370033092
983,CGCTAGAGAACATCG,7.729364597
984,CGCTCCATCCTGAAT,7.50594651
985,CGCTGCCAAGCACAG,7.751555122
986,CGCTTGCCGCACGGG,7.466876887
987,CGGAACTTATCTTGA,1.667135818
988,CGGACAAGTGAGCCT,2.037489179
989,CGGATTCGCACAGGC,1.734537342
990,CGGATTGACACCGAG,1.614140192
991,CGGCCATAGTATCTG,7.694151867
992,CGGCCTCTGGTATTA,7.258750815
993,CGGCTCCGGCCCTCT,7.500134378
994,CGGGCCGGACACCCT,7.415781228
995,CGGGGAGTCTCTGAA,7.706251748
996,CGGGTTTGGTGTAAG,7.457414063
997,CGGTAGTTTAATTAC,7.170899569
998,CGGTATCCTGTGGCC,7.634358619
999,CGGTGAACAGATAAT,7.864133419
1000,CGGTTCAAGAATTTG,7.715095613
1001,CGGTTCGCCGTACTC,7.377789264
1002,CGTAGCTCGCTCCGG,0.324400019
1003,CGTATCTAGCCCGCG,0.320862835
1004,CGTATGAATGGAAAA,0.38724435
1005,CGTATGAGGGCTCCC,0.075363956
1006,CGTATGGACTATGGA,0.257881916
1007,CGTCACTCGGAAGTT,6.604568566
1008,CGTCAGGGAGTGACA,6.884055375
1009,CGTCCCGAACATATA,7.231195016
1010,CGTCGAGACGGAGTT,5.510045812
1011,CGTCGGGCAACGAAG,5.890526292
1012,CGTCGGGGACTGCCG,5.801388166
1013,CGTGACGGAAATTCC,6.299137512
1014,CGTGTAAGGGGCAGT,4.116633276
1015,CGTTAAGTCTGCTGC,5.898449189
1016,CGTTACATATCTTAT,5.924575018
1017,CGTTATTTCTATCGC,6.330296144
1018,CGTTGAGGTCCAAGG,5.993435448
1019,CGTTGCGGTGAACCC,6.157027027
1020,CGTTTCACAGGCCAA,6.332141826
1021,CTAAACGGACGAGGA,13.50788269
1022,CTAAGACACCGAGGC,13.37803799
1023,CTAATATGTTTCTCT,12.94127521
1024,CTAATGAGGCAATGA,13.19420845
1025,CTACATCTGAGCTCG,13.40474553
1026,CTACCGCCCTGCCGT,14.10706224
1027,CTACGGGACGGACCC,12.67667799
1028,CTACGTACGTGCACT,13.44939245
1029,CTACTAGCGGGGGCG,14.52883902
1030,CTAGCGATCGACCGC,11.74324494
1031,CTAGGGGCATTGACA,13.13629159
1032,CTAGTCCTAGTTTCT,8.33830694
1033,CTAGTTAATGTTACG,11.34276942
1034,CTATAGCGTCGAGGA,13.18551229
1035,CTATCCACATATTCT,8.289686969
1036,CTATGACATGATAAA,13.06616328
1037,CTCACCGCACCGGTA,24.39586984
1038,CTCACGAATTCGTAT,17.97375513
1039,CTCACGATTTAGGCA,18.10549018
1040,CTCACTAACTCACAC,18.14759495
1041,CTCACTGAATTTTAA,18.0142079
1042,CTCAGTCTCTCCGGG,6.77589533
1043,CTCATGATGAGTTCG,18.06459172
1044,CTCATTTGCTTCGCT,18.28095778
1045,CTCCATGCTGGTTTG,6.658506022
1046,CTCCCTGCCATGGTG,6.370581563
1047,CTCGACGAACAGTGT,6.755075097
1048,CTCGCACTAGGCCTG,6.83970006
1049,CTCGCTAACTCCATC,6.461365072
1050,CTCGCTACTCTAGCA,6.340045205
1051,CTCGGGCCGTCGACA,7.120530689
1052,CTCGTCGTACTGTAC,6.600046204
1053,CTCTCCAACACCCCC,38.29529567
1054,CTCTGCATTTCTGTC,26.38533511
1055,CTCTTCAACTAGCTC,42.27885942
1056,CTCTTGGCCGGTGGG,37.80238554
1057,CTGAAAGCGTCGACT,12.15980948
1058,CTGAAGACACCAGCT,12.14034639
1059,CTGAATGGAAACGAC,12.67021915
1060,CTGACATACCGGACG,23.47847105
1061,CTGAGTAATGAAATA,21.80296981
1062,CTGATAGTGAGCGCG,27.10455832
1063,CTGATCTTAAGGACT,23.00607011
1064,CTGATTCCGACGCGT,21.53820511
1065,CTGCCATAGCCTGTA,6.458683617
1066,CTGCCGATGCTTGAG,7.271335742
1067,CTGCGACCGCGAGGC,5.830550454
1068,CTGCGATCATAACGT,5.845184283
1069,CTGCGCCGCATTGGC,7.318415357
1070,CTGCGCTAACTTCCA,7.292409641
1071,CTGCGGAAGGACTAC,6.009920157
1072,CTGCGGTTTAGCCAT,5.690501814
1073,CTGCGTGAGAAAGAG,6.592736715
1074,CTGCTCCGTCGGTAT,6.02408441
1075,CTGCTCTAAAGCTTG,6.386264835
1076,CTGCTGAGGCCTTGG,7.235787766
1077,CTGGAGTAGCCAATT,11.99773198
1078,CTGGAGTCGCCAACC,12.04293045
1079,CTGGCACACGCCCCA,25.81971429
1080,CTGGGCAAAGCGATT,22.89731571
1081,CTGGGTCTCTTCGGT,21.63796868
1082,CTGGTTGTAGAGAGG,21.57624753
1083,CTGTAGACAAAGCAT,6.464956651
1084,CTGTAGCTCTAGGCG,6.188152206
1085,CTGTCAATTGCGAAT,4.207622588
1086,CTGTGAAGGAGGGCG,6.248306187
1087,CTGTGCACGTGGGGA,6.484659454
1088,CTGTTAGGATACTAC,6.271551695
1089,CTGTTATCCTGGAAC,6.178804798
1090,CTGTTCAAACACGGA,6.549218261
1091,CTGTTGCCCAGCGAC,6.369592092
1092,CTGTTGGCATTGAAA,6.207334465
1093,CTTACAATAAGCGAA,18.67609581
1094,CTTCAATCTAAGCCG,6.158724682
1095,CTTCACATCCCGGTT,5.323459417
1096,CTTCCACCATGCATC,5.433644809
1097,CTTCCAGGACAGGCC,6.487904316
1098,CTTCCGCCTAACTGT,6.220138823
1099,CTTCCGGTTATTGGT,5.906936274
1100,CTTCTAATCCCCTTA,5.333076232
1101,CTTCTCCAGTTTTGG,5.205567996
1102,CTTGATAGTCTCGGA,5.612753942
1103,CTTGCGTGAGTAGCT,4.141973899
1104,CTTGGGAGGAGCGGG,5.204755948
1105,CTTGGGATGAGGTTC,5.222308669
1106,CTTGTGAAGTCAATG,2.518836234
1107,CTTTGGTCCAGGCAC,37.53083607
1108,CTTTTAAATGTGAGA,24.51183768
1109,GAAAACCAGACGATC,-1.455841327
1110,GAAACGGAGCAACCC,-1.404469636
1111,GAAACTCCCCGTGTT,-1.068237485
1112,GAAACTTATATCCCT,-1.494654885
1113,GAAAGGATCTGCACC,-1.686656933
1114,GAACACAAAACATGC,-1.5463695
1115,GAACGCGGCATAACG,-1.358792605
1116,GAACGCTGTATTCGC,-1.456382551
1117,GAACGTCATGGTATA,-1.410807908
1118,GAACGTCTTACTTAT,-1.535193056
1119,GAACGTTCGTGTGTC,-1.855565476
1120,GAACTCAGACAAGGC,-1.291870829
1121,GAAGACCGCTAAGTA,-1.708267718
1122,GAAGAGAGCCCCAGA,-1.693277711
1123,GAAGATTACTAGTCC,-1.662046605
1124,GAAGCTCAACTGGCG,-1.640501504
1125,GAAGGAAACGGAACA,-1.843017969
1126,GAAGGTCTGCTGCAC,-1.911138105
1127,GAAGGTTAAACCAAC,-1.976802237
1128,GAAGTAAGGCGACAT,-1.763683656
1129,GAAGTGGAGTAGAAT,-1.462979783
1130,GAAGTTTTGGTATTA,-1.747701074
1131,GACACCTTTCAGCTC,-0.530387023
1132,GACACGATTGCTCTG,-0.935222723
1133,GACACGGGGCCGGTT,-1.035230238
1134,GACACTGTATTAATT,-0.91568428
1135,GACAGCCATCTTCAT,-0.890081979
1136,GACAGGAATTATCCC,-1.02593707
1137,GACAGGGGCATGCAT,-0.897926289
1138,GACATATCGCGCAAG,-0.992669419
1139,GACCAAGGCAGCGTG,-0.538185289
1140,GACCAGAACACGGGC,-0.55990604
1141,GACCAGGGTGTAAGT,-0.415188268
1142,GACCCCATCATTTCT,-0.753193008
1143,GACCCTGATAAAGCG,-0.810787413
1144,GACCTACCAACGAAG,-0.673575578
1145,GACCTTCGTGAGTAA,-0.524376718
1146,GACGAAATAAGAGTT,-0.889040625
1147,GACGAACGCTTCAAT,-0.975473378
1148,GACGCACGGCTGGTC,-0.593178597
1149,GACGCGTCGGCCACC,-0.837304574
1150,GACGGCGTATGGCAC,-0.277386377
1151,GACGGGAGAGCCTTC,-0.787840023
1152,GACGTATACCGTAGC,-0.800449421
1153,GACTACTTCAAAGTA,-0.54864962
1154,GACTATAATTACATT,-0.679100927
1155,GACTCATATCAAAGT,-0.581907374
1156,GACTGTCCTTGGCTT,-0.854964998
1157,GACTTTCTAAGTCGG,-0.692368226
1158,GAGAAACACGCAGCC,-1.558974651
1159,GAGAAATCGGGGGTA,-1.831418132
1160,GAGAACACCGTTAAA,-1.472557485
1161,GAGACATGCTTTGAT,-1.235592551
1162,GAGACTAATGGTGGG,-1.291131287
1163,GAGAGACTCCGCCAA,-1.374693863
1164,GAGAGCTCATACTGT,-1.609932013
1165,GAGAGGCACCACATA,-1.584965936
1166,GAGAGGGAGTTTACT,-1.507533885
1167,GAGAGTCGTTTACGC,-1.225754079
1168,GAGATCTTAGCACCA,-1.600824376
1169,GAGCAGGATAGCCGC,-1.477333202
1170,GAGCCAATCTTAACG,-1.42689696
1171,GAGCGAAACGTCAAG,-1.575584277
1172,GAGCGGGTACCACGG,-1.646482673
1173,GAGCTCCTACCTTTA,-1.344953631
1174,GAGGATGCCTTTTCT,-1.362068359
1175,GAGGCAACTGGGCTT,-1.653341896
1176,GAGGCAGCAACGACT,-1.598976057
1177,GAGGCCTCCGTATAA,-1.556900321
1178,GAGGGCGTTAAAGGG,-1.957671152
1179,GAGGGGCCGCGTACT,-2.070171961
1180,GAGGTAAACATACGA,-1.666010348
1181,GAGTCGCGACTAGTG,-1.246109715
1182,GAGTGTGGTGGTCAC,-1.716847893
1183,GAGTGTTTTCAAACA,-1.720167117
1184,GAGTTTATTCCGTGC,-1.269101479
1185,GATAAAGGTTGCCGA,23.7090353
1186,GATAAGGTCTAAATC,15.67489799
1187,GATAATTTAAGTCAT,32.40128362
1188,GATACAGAGTTCCAC,24.82196639
1189,GATACAGGTATTGCA,13.0253708
1190,GATAGCAGGGAGCGT,-0.644458718
1191,GATAGTCGATGCCGG,-1.300826586
1192,GATCCCCTCGGACGG,2.949812294
1193,GATCGTCTCCCTGGG,3.488627327
1194,GATCTATCGCATCAT,1.697074335
1195,GATGACCACGACGCT,16.87183756
1196,GATGGGAGGATTTAA,20.42192292
1197,GATGTGACGAAAATA,18.17472407
1198,GATTAACGTGTGCCT,-2.463085717
1199,GATTACAGTAGCTTC,-1.492823699
1200,GATTAGTGCGTATTG,-1.598436089
1201,GATTATATGATTGGT,-1.697848726
1202,GATTGATGCCTAAGA,-2.551216624
1203,GATTTAGATTTATAG,23.54290106
1204,GATTTTAACTGGTTC,5.355932433
1205,GCAAAATTAACGTGT,-2.077607425
1206,GCAAAGCAAGAGTAG,-2.074351521
1207,GCAAAGGGCCAACCA,-2.005767577
1208,GCAAGAACATGTACA,-1.992993461
1209,GCAAGACAGTAGCGA,-1.962968854
1210,GCAAGCTGCGTATCT,-2.084573428
1211,GCAATACAGCCCAGG,-1.866533973
1212,GCAATCGATAATCCG,-2.166057739
1213,GCAATTCTGCCTCTG,-1.82904976
1214,GCACCTCTGCTACCT,-1.769258243
1215,GCACGACCGCGGATA,-2.067656084
1216,GCACGCCCATCGGCC,-2.034274767
1217,GCACGCTTCCATACC,-2.055823355
1218,GCACTATCCTGACCG,-1.706470186
1219,GCACTCCCCTGACTG,-1.652459529
1220,GCACTCGACACAGGC,-2.060507519
1221,GCAGACGGTCCATTA,-2.162982502
1222,GCAGACTCGTAATGG,-2.210086899
1223,GCAGAGCACAGGAGT,-2.356244835
1224,GCAGCGGACAGTATC,-2.17632929
1225,GCAGGAATTAACCTC,-2.513641775
1226,GCAGGACTTTGGATG,-2.240396535
1227,GCAGGATAACCGCAC,-2.313911841
1228,GCAGGCGACTCTGGG,-2.420123844
1229,GCAGTAATTGTGAGG,-2.137477662
1230,GCATCGATGCACTTG,-1.875107961
1231,GCATGACGCACCTGT,-1.918764937
1232,GCATGCTAGGGTACG,-2.087650395
1233,GCATGTGAGGAAGGA,-2.083757326
1234,GCATTAGGGAGTTTG,-1.786380726
1235,GCATTCATTTTCAAT,-2.019492071
1236,GCATTGCAGCTTGTA,-1.833925282
1237,GCCACCCAAATAAGG,-1.288915064
1238,GCCACTACTAGGTAC,-1.265485799
1239,GCCAGTAACCGCTGC,-1.282883871
1240,GCCATACATCTTCTT,-1.301310314
1241,GCCATGAGTCTTAGC,-0.956317511
1242,GCCCACCCCCGAGAC,-1.224649769
1243,GCCCATGCTTGGGTG,0.08938286
1244,GCCCATGGAACGTCT,-1.179687048
1245,GCCCCCCCAAGCGTT,-1.063443032
1246,GCCCTCCAAAATGTG,-1.263234269
1247,GCCCTCCGTTTGCCA,-0.971415342
1248,GCCCTGGCGTGCGGC,-0.235565016
1249,GCCGACATCTCCTGG,-1.029296945
1250,GCCGACGTTCAGTGC,0.03077648
1251,GCCGACGTTTCGTAA,0.130372987
1252,GCCGAGGATCATATC,0.213957911
1253,GCCGCGGGTACGTAA,-1.529891211
1254,GCCGTATATATGCGT,-1.304649401
1255,GCCGTCAACATACCC,-1.027992158
1256,GCCTAGCACTATCTC,-1.058437969
1257,GCCTAGGTTCTGGCT,-0.086010883
1258,GCCTGCGATTTCCTC,-0.056066385
1259,GCCTTATCGGAAGAT,-1.076060183
1260,GCGAATCCATTGTTA,-1.942550717
1261,GCGACGGTATAGCGA,-1.893049144
1262,GCGAGCTCATGCACA,-2.042131261
1263,GCGATTAGAATGCTT,-1.670415488
1264,GCGCACAAGGCGATA,-2.252002412
1265,GCGCAGTACCTTAAG,-1.822237819
1266,GCGCTCTTGAAAGCT,-1.912239597
1267,GCGGACCTGGCTCAC,-2.504180494
1268,GCGGATGGAGGACCA,-2.117761617
1269,GCGGCCGCTCGGACT,-1.885980922
1270,GCGGCCGGGGAATCC,-1.837689247
1271,GCGGGGAAGGGACTA,-2.353659138
1272,GCGGTAACCGGTGCT,-2.123264095
1273,GCGGTCTGAGCAGGC,-2.03785744
1274,GCGTACGTGCGGGGG,-2.077431764
1275,GCGTAGCACAGAGTT,-2.080554841
1276,GCGTCCACAGTGCAT,-1.684982835
1277,GCGTCGGCAAGCCCC,-1.930112975
1278,GCGTCTTACCTGATT,-1.962260943
1279,GCGTTAGACCTGTAA,-1.938387629
1280,GCGTTTAGCCCCGGA,-1.734535602
1281,GCTAAAAGCAGACTA,-0.684490822
1282,GCTAACACCGCGATC,16.7671217
1283,GCTAACTCATCAGAC,21.81845455
1284,GCTAAGGAACTCTAT,31.8731686
1285,GCTAATGCGCAGATA,27.07166723
1286,GCTACCCATTACGTA,23.84337965
1287,GCTAGGTTCGTAGTG,-1.629463666
1288,GCTAGTCGGGTAATT,-1.914991232
1289,GCTAGTTGCTGGGGA,-1.806773858
1290,GCTCCCCGGACCAAC,2.414493505
1291,GCTCCCGCAGTGTTT,2.3236259
1292,GCTCCCGTAGGCTAG,5.11703845
1293,GCTCGGACACTCAGA,1.267343539
1294,GCTCGGTTCAAACTC,1.473221217
1295,GCTCGTAGGAATCTC,3.770750702
1296,GCTCTAGTGGACGTT,4.555199975
1297,GCTCTCTTCAAGCTA,1.707197401
1298,GCTGACGAAAATCTC,16.46213732
1299,GCTGCAAACCCTCAT,29.91934193
1300,GCTTGGAATCAAAAG,-2.486921098
1301,GCTTGGCCAGCAGTA,-2.35768407
1302,GCTTTCCTCAGCGTT,6.755347818
1303,GCTTTTCAGCGGGCA,5.783416866
1304,GGAAAATAACACAAC,-1.604671274
1305,GGAACCTCATTCGTT,-1.207982718
1306,GGAACGACGTACTCG,-1.375352624
1307,GGAAGAATGGCGTAC,-1.63823119
1308,GGAAGGTCCACCACC,-1.536844325
1309,GGAATTTCACCTGTG,-1.457167991
1310,GGAATTTTGGCATGG,-1.309064682
1311,GGACACTAGAAGATC,-1.473603839
1312,GGACACTGTCCTCTC,-1.544745779
1313,GGACAGCGCACTGTG,-1.721740897
1314,GGACCAGTCCATTCG,-1.531398706
1315,GGACCATACCAGCTA,-1.550852837
1316,GGACCGCTGAGTTCG,-1.406004487
1317,GGACCTTACCCTTGT,-1.4227747
1318,GGACGCCAGCCTTGT,-1.479461033
1319,GGACTACAGCTCTTC,-1.417630964
1320,GGAGAACAACAACTT,-1.795507286
1321,GGAGCACGGTCAAAT,-1.545544244
1322,GGAGCATTCTGGGTG,-1.71610882
1323,GGAGGCCATCGGTGC,-1.63512552
1324,GGAGTCCGGGTAGCT,-1.6038758
1325,GGAGTCTCGAAAGTT,-1.604259904
1326,GGATACCAGGGTATT,-1.821660558
1327,GGATAGGATTGCTAA,-1.505540649
1328,GGATATCCGATAGAC,-1.603308349
1329,GGATCCTTGCCACTC,-1.400900621
1330,GGATCGCAGGTTGGT,-1.272254133
1331,GGATTAGGCGTTAGG,-1.529585193
1332,GGATTCCGTTAATTC,-1.220513306
1333,GGATTCTCGGCGGTC,-1.51676967
1334,GGATTTTTGTGGGAA,-1.498008992
1335,GGCACAACTGTAAAC,-0.906555658
1336,GGCACCGGTGTTCTT,-0.734518428
1337,GGCATAGGTCAAAGC,-0.639443019
1338,GGCCAGGTTTTGGGG,0.368321856
1339,GGCCGAATCCCGACT,-0.69056199
1340,GGCCTAACGTCCTAC,-0.519463772
1341,GGCCTTTTGTGTATA,-0.874570331
1342,GGCGAGTATGCGACC,-1.080768245
1343,GGCGGCAACACTCGG,-0.761539155
1344,GGCGGCTGGCTGCAT,-0.872205814
1345,GGCGTGCGTACCAGT,-0.571098114
1346,GGCTACGGTTAATGT,-0.531069561
1347,GGCTATAAGCCCCTT,-0.732264016
1348,GGCTCTAAAGCTTTT,-0.698577329
1349,GGCTCTTGAGGACAT,-0.599941974
1350,GGCTGATGGACTAGC,-0.56706375
1351,GGGAAAAGCCTTAGC,-1.426294659
1352,GGGAAACGGTTTCTC,-1.707610779
1353,GGGAACCCACATCCC,-1.576650507
1354,GGGACAATAATCCAA,-1.368136933
1355,GGGACCATTAGCGTA,-1.352216765
1356,GGGAGCCGCTAGGAT,-1.308913524
1357,GGGAGCTGCCACATG,-1.431817816
1358,GGGAGGGTGGACCCG,-1.617500637
1359,GGGAGGTAATCTGAA,-1.342889474
1360,GGGATCCGGTTGCGC,-1.162240244
1361,GGGCAAAGAGCCTAC,-1.327299605
1362,GGGCACCGTCGAACG,-1.313461803
1363,GGGCATGCTGATTCG,-1.351330823
1364,GGGCCAAAACGCACC,-1.277416792
1365,GGGCCCAGCCTGCAG,-1.116183205
1366,GGGCCCCTAGTCAGC,-1.245649163
1367,GGGCCGTGTTCGGCG,-1.071673875
1368,GGGCGCCATAGTTCG,-1.500342302
1369,GGGGCAGGTAGCCCC,-1.79074907
1370,GGGGCGAAAGGCATA,-1.65474694
1371,GGGGGGGAACGTCGA,-1.81577611
1372,GGGGTAGTTGATTGG,-1.841217566
1373,GGGGTATTTTAAAGC,-1.573584203
1374,GGGGTGATTCGCTTC,-1.626617925
1375,GGGTCTGCTCACCAC,-1.563307178
1376,GGGTGAGGCAAGGTG,-1.754724849
1377,GGGTGCGCCCTTAAG,-1.430942926
1378,GGGTGCTAACGTGCC,-1.333838869
1379,GGGTGGGTCTTAAAT,-1.675269474
1380,GGTAAATCATGAAAG,13.15508736
1381,GGTACTACCAATGGG,5.443971796
1382,GGTAGAATAGCGATA,-1.665000187
1383,GGTCCAAACAATGGT,1.636158646
1384,GGTCGATGAGAGCGC,2.963660432
1385,GGTCGCATGGTAGAC,2.371562649
1386,GGTCGTTCCATAACT,3.458113272
1387,GGTCTAGAGCGTTCC,1.76995008
1388,GGTCTCCGTTAGCCT,3.401608418
1389,GGTCTGCTGGGGATG,1.829011054
1390,GGTGGTGTGCTGGAG,2.096609135
1391,GGTGTCACCTGCCGA,5.601336237
1392,GGTGTGCTGGTGGGA,13.60004439
1393,GGTTATAGTTGCGTC,-1.686104841
1394,GGTTGAGCCTGTTTG,-2.920926919
1395,GGTTTACAGATGGCC,22.9033847
1396,GGTTTCGGGTTACTA,11.69949301
1397,GGTTTGGCCTTGATT,29.43013214
1398,GTAAAGGTTGTTCGA,-2.403627868
1399,GTAAATCCGGCGGTC,-2.661569279
1400,GTAACCTGGAGCGAT,-1.971596026
1401,GTAACGTCACTGAAC,-2.099948451
1402,GTAACTATGTGGTAC,-2.402046219
1403,GTAAGGAGATATCTT,-2.415661195
1404,GTAATGGAACCGTGC,-2.2571515
1405,GTACAACTTCACTTC,-2.429772766
1406,GTACAGTTGCAGGTA,-2.347489927
1407,GTACCCACTCGAGCC,-2.248846068
1408,GTACCCGGGATGTTA,-1.97079983
1409,GTACGGCAATTGTAG,-2.385171443
1410,GTACGGGGATTGTGT,-2.717660004
1411,GTACGTATCAACAGC,-2.507344539
1412,GTACTGACGGAGATT,-2.20356583
1413,GTAGACGAATCCACT,-2.549756815
1414,GTAGATCGTACGCTG,-2.59914073
1415,GTAGCCACATACACG,-2.314189909
1416,GTAGCCGCTTGACCC,-2.316745858
1417,GTAGCGACGTAGACA,-2.599223133
1418,GTAGGATTGCTAGTG,-2.802718751
1419,GTAGTCCGTTTAGGC,-2.32141253
1420,GTATAATACGCGCCG,-2.444571501
1421,GTATAATCCTTTCAC,-2.448886646
1422,GTATAATGATTAGCC,-2.216512673
1423,GTATAGAGGTTACCC,-2.395225059
1424,GTATCACATGCTGTA,-2.055294182
1425,GTCAATTGATCGGAC,-1.574267469
1426,GTCAATTTCTCAGCC,-1.504646396
1427,GTCAGATTTCCTTGG,-1.926936145
1428,GTCAGGCTATGAGCT,-1.957138034
1429,GTCATGGCTTAGGGA,-0.429153691
1430,GTCCAAGTGTAGATA,-1.129010343
1431,GTCCACATCCGACTA,-1.31447376
1432,GTCCAGCAAGACCTC,-1.904788369
1433,GTCCCCCCGACAGCG,-1.438706905
1434,GTCCCCCGAGACGAG,-1.479361159
1435,GTCCCCGGCTTAGGC,-1.544955537
1436,GTCCCGGAAGCTCTC,-1.758793722
1437,GTCCGGGTTCACTAC,-0.37951165
1438,GTCCGTGCGGTGTGG,-0.985438282
1439,GTCGCCACGTGGTTC,-1.398878232
1440,GTCGCGTATACGGCA,-1.3957595
1441,GTCGCTGGCTGAATT,-1.957182497
1442,GTCGGCCGTGCTAGC,-1.495795394
1443,GTCGGCGGGATGCCT,-1.606971229
1444,GTCTACATTCCGTAT,-1.598797805
1445,GTCTATACCTTTATT,-1.195244129
1446,GTCTATCCCTCTATC,-1.345901763
1447,GTCTCAACCGTCATG,-1.586373499
1448,GTCTCACGCCACCGT,-1.414358866
1449,GTCTGCTAAATGTAG,-1.672778906
1450,GTCTTAATCCGTCTA,-1.204429742
1451,GTCTTTGGACGTCGG,-0.893417705
1452,GTGAATAATGTGCCA,-2.248672872
1453,GTGAATGGTTCGAGA,-2.132795109
1454,GTGACGACTTTCCTG,-2.1426846
1455,GTGACTATGTCGTTG,-2.239232047
1456,GTGAGACGTCGCCCA,-2.099993696
1457,GTGAGCGTTTTCGAC,-2.69337048
1458,GTGATAGGAGAGAGT,-2.16400953
1459,GTGATTAATGGTTAT,-2.205261655
1460,GTGCAGAGGGGTTAG,-2.301385357
1461,GTGCAGCCATTAAAT,-2.406296012
1462,GTGCAGTGAGTTGCC,-2.293194691
1463,GTGCAGTGCATACAG,-2.272813602
1464,GTGCCCATATGCCAG,-2.024128055
1465,GTGCGGAGAGAAATA,-2.372776176
1466,GTGCGTCATCGGGGT,-2.453456032
1467,GTGGACAAAAATAGC,-2.540586241
1468,GTGGAGGCTATTTCT,-2.66407542
1469,GTGGCAAGAAGATAA,-2.336288103
1470,GTGGCATTCTGCCCG,-2.52624517
1471,GTGGCGTACAAATAC,-2.271827987
1472,GTGGCTATTAGGCTT,-2.599538619
1473,GTGGGCTAGACATCA,-2.717830169
1474,GTGGTACTCTGCTAG,-2.296052314
1475,GTGGTCCGGCCCTCA,-2.264928203
1476,GTGTAACCGTACGTA,-2.333865483
1477,GTGTATCCATGTAAT,-2.116478067
1478,GTGTCGGACAAGCAG,-2.261878134
1479,GTGTCGTTATTGTCT,-1.976460358
1480,GTGTTACGGACAGTC,-2.029857899
1481,GTTAAAGTGTCCTCA,4.569887982
1482,GTTAAATGTTACGTG,12.23302954
1483,GTTAACTCTATCGGA,21.47310141
1484,GTTAATCGTCTATTC,17.08777482
1485,GTTACGGCCCCCGCC,26.13671556
1486,GTTATCTCCTACTTG,4.646434054
1487,GTTATGGCACAATCG,24.95883122
1488,GTTCAGTTTGACAGA,2.036990918
1489,GTTCATGTTAACGTT,7.79405511
1490,GTTCCGAGCGCAAAC,2.257985957
1491,GTTCGCAGCGCGCCT,2.715149322
1492,GTTCGCATAAACCCA,1.658961745
1493,GTTCGCGCACATCTA,1.548225427
1494,GTTCTGTGCCCGATT,1.951732519
1495,GTTGCCATCTATGCT,5.250938161
1496,GTTTACCGAGCGGAC,-2.109196496
1497,GTTTAGCATATTCGG,-2.46919761
1498,GTTTAGTTGCCGCGT,-2.338995982
1499,GTTTCAGCTATCCCA,5.951463214
