,Sequence,Entropy
570,TCTTGCTGGTATACT,44.20752953
522,TCCTCAAGATCTCTG,44.06035311
711,TTCTGAAGCTCTCAC,43.8206628
715,TTCTTGAGATGTGGT,43.67185883
568,TCTTACATATTTGAG,42.9203043
526,TCCTGGATGTGACTC,42.67667086
567,TCTTAATGACACAAC,42.61107561
767,TTTTCCTTGACCTGG,42.43037579
768,TTTTCGAGCCGCGCG,42.31503782
1055,CTCTTCAACTAGCTC,42.27885942
883,CCCTAACTCAACTCG,41.73175135
710,TTCTCGATCGAAAGT,41.43870641
523,TCCTCCCCTACAGTA,41.23090815
525,TCCTGAGCTCCTGTC,40.64921218
885,CCCTCCCCTGTCTTC,40.41306186
935,CCTTCATTGTAACAA,39.70966886
524,TCCTCCCTCATTGAG,39.6938973
938,CCTTGAGTGAGCTCT,39.47791615
714,TTCTTGAGAACATAA,39.43406618
769,TTTTGACCGCATGGC,39.38329571
709,TTCTCAACCATTGCT,39.36553017
529,TCCTTGCTAGGGGGG,39.28084482
884,CCCTCACTAGTGCTA,39.27873232
527,TCCTGGTTAGGCAAA,39.14084304
572,TCTTTATTCAGCAGG,39.02093195
940,CCTTTACTGCGCTCT,38.94169883
573,TCTTTGTCCGTGCAG,38.92704991
1053,CTCTCCAACACCCCC,38.29529567
939,CCTTGCGCTTCCTCA,37.95064694
1056,CTCTTGGCCGGTGGG,37.80238554
1107,CTTTGGTCCAGGCAC,37.53083607
941,CCTTTCAGGGAATAG,36.42425088
746,TTTAATATAAGGAGG,35.34452637
1187,GATAATTTAAGTCAT,32.40128362
1284,GCTAAGGAACTCTAT,31.8731686
744,TTTAACCGTCAGAGA,31.13085725
745,TTTAATAAGATGCGA,30.82315044
1299,GCTGCAAACCCTCAT,29.91934193
717,TTGACAAGGAGATGA,29.89768506
720,TTGATAGCTATTGTC,29.76702352
748,TTTACGACCGCGCCT,29.57401645
890,CCGAACGCGCTTCTT,29.46986939
1397,GGTTTGGCCTTGATT,29.43013214
889,CCGAACGCACACTAA,29.32349173
571,TCTTGTCAAAAGACG,29.01015948
554,TCTAGAGACGACCGT,28.88065297
552,TCTAAACTTATACGC,28.42168556
555,TCTATAACGACAACT,28.4147634
743,TTTAAATGTAGATAC,28.23761344
556,TCTATCACAGACATG,28.23521105
749,TTTATGAAATTTCCT,28.1841265
569,TCTTATATTTTTTAT,27.94267948
918,CCTAATAAAGTTGAC,27.88634753
528,TCCTTACGTGCAGAA,27.66277485
712,TTCTGATGTATCTAG,27.51255585
765,TTTTAGCGTTAGAGG,27.41101293
713,TTCTTCCTTGCCAGC,27.26928729
1062,CTGATAGTGAGCGCG,27.10455832
1285,GCTAATGCGCAGATA,27.07166723
718,TTGACATGGTAGCGC,26.95270813
771,TTTTTAGATTATCCT,26.91467401
770,TTTTGCATTAATTAT,26.88968063
920,CCTACGCTGGCGGGA,26.84504441
921,CCTACGGTGGATCGG,26.81753267
887,CCCTTCTTTGTCTTA,26.66042892
893,CCGAGAATTGTCGGG,26.53904711
1054,CTCTGCATTTCTGTC,26.38533511
904,CCGGCAACGGACCGT,26.21707539
1485,GTTACGGCCCCCGCC,26.13671556
553,TCTACCAGCGACATC,25.99569112
922,CCTAGAACTTAAGTC,25.95376963
1079,CTGGCACACGCCCCA,25.81971429
747,TTTACCTTTCCGAGA,25.73435046
697,TTCACCCTCTGAGAT,25.67794422
544,TCGGTCATCTCGATA,25.57864123
892,CCGAGAAGACATTCC,25.55668166
532,TCGATCGGGAATATC,25.52697093
542,TCGGGCCTCTCGCCG,25.38788548
533,TCGATCGGTGTCTTA,25.38363217
733,TTGGGCGGCAATCCT,25.36589465
721,TTGATCTCGCGTCAT,25.32518876
917,CCTAAGGCGTTAATC,25.29999063
736,TTGGTCTGTGTTTGC,25.23331619
923,CCTATACTAAAGGGT,25.15037974
1487,GTTATGGCACAATCG,24.95883122
1188,GATACAGAGTTCCAC,24.82196639
937,CCTTCGGTTGTGCTG,24.62365961
1108,CTTTTAAATGTGAGA,24.51183768
1037,CTCACCGCACCGGTA,24.39586984
936,CCTTCCATTTCCATC,24.30606525
543,TCGGGTAAGTCGTAG,24.16830023
734,TTGGGGGTACATCCC,24.07116513
541,TCGGCTCCTCCTGTT,23.94459836
735,TTGGGTCCCCTCTCA,23.94440909
531,TCGAGTTTCCTCATG,23.92748601
1286,GCTACCCATTACGTA,23.84337965
530,TCGACTCCTCAGCCC,23.83714666
732,TTGGCGTACAGTGGG,23.80615405
719,TTGACTTCAGAGTAT,23.74499542
1185,GATAAAGGTTGCCGA,23.7090353
1203,GATTTAGATTTATAG,23.54290106
1060,CTGACATACCGGACG,23.47847105
1063,CTGATCTTAAGGACT,23.00607011
766,TTTTATTCCAGCCCT,22.96928112
1395,GGTTTACAGATGGCC,22.9033847
1080,CTGGGCAAAGCGATT,22.89731571
919,CCTACATTTAACGCC,22.81332644
886,CCCTCTTTGACTGTT,22.74785345
907,CCGGTCGGGCACTAA,22.63011362
888,CCCTTTGTTGTTGAT,22.58193438
894,CCGAGCGTGGATGCC,22.50232849
1283,GCTAACTCATCAGAC,21.81845455
1061,CTGAGTAATGAAATA,21.80296981
1081,CTGGGTCTCTTCGGT,21.63796868
1082,CTGGTTGTAGAGAGG,21.57624753
1064,CTGATTCCGACGCGT,21.53820511
1483,GTTAACTCTATCGGA,21.47310141
908,CCGGTTCACAAGTGC,21.15028544
909,CCGGTTGATCGTCGC,21.06932723
905,CCGGGGCAACCGTTG,20.89894429
1196,GATGGGAGGATTTAA,20.42192292
942,CCTTTTTCAGAATGT,20.15912258
896,CCGATTTGCCACTTT,20.01829767
507,TCCACGGTTCGAGGC,19.89104522
871,CCCATATTTAGCGAA,19.8006051
895,CCGATTCGAGACAGT,19.76785214
906,CCGGGTCGAGACATG,19.68545927
699,TTCATACTACTGACC,19.63654815
1093,CTTACAATAAGCGAA,18.67609581
1044,CTCATTTGCTTCGCT,18.28095778
1197,GATGTGACGAAAATA,18.17472407
1040,CTCACTAACTCACAC,18.14759495
1039,CTCACGATTTAGGCA,18.10549018
1043,CTCATGATGAGTTCG,18.06459172
1041,CTCACTGAATTTTAA,18.0142079
1038,CTCACGAATTCGTAT,17.97375513
1484,GTTAATCGTCTATTC,17.08777482
1195,GATGACCACGACGCT,16.87183756
1282,GCTAACACCGCGATC,16.7671217
1298,GCTGACGAAAATCTC,16.46213732
677,TTACCGACGCGGCAG,16.40792185
486,TCAATTTTGACTCCT,16.39693514
671,TTAACGGCAATAAAA,16.30716039
672,TTAACTGCACACGTT,16.29120786
687,TTAGTGAGAACTTAG,16.26279247
488,TCACCGTCTATCCTC,16.21021789
679,TTACGGATTTCGAAG,16.19649679
669,TTAACACTCCCAGGG,16.19157066
681,TTACTGGGTTGGCTC,16.16736649
498,TCAGTCGCCTGTTAT,16.15167829
675,TTACAACTAGAGAAG,16.14586611
496,TCAGGGGGTGGGCCG,16.14055684
674,TTAATGCGTGACAAC,16.12572395
492,TCAGAAACGTACGGC,16.12181017
502,TCATGAGTAGGGGGT,16.1166145
499,TCAGTTCATCCGACC,16.06830008
497,TCAGTCGATCGAAAC,15.99551235
493,TCAGACCAACAAGCA,15.99332998
501,TCATCGTATCGAGGT,15.98329084
490,TCACTACCCTCACCA,15.97510455
489,TCACGTATTCCATAC,15.9745574
690,TTATCTCCCGGGGAT,15.96467726
485,TCAACTCGCCGGGCT,15.96318498
504,TCATTAAGCATCCGG,15.95305731
694,TTATTCTATCCTTTC,15.94890585
484,TCAAACTTTCGCTGA,15.93128599
495,TCAGCCCTGTAGTAC,15.92579799
685,TTAGGTATAACAAAT,15.8891583
680,TTACTGCATACATAT,15.88512843
673,TTAAGACGCATAGGA,15.87889237
494,TCAGCCCCGCCCTCA,15.87045692
682,TTAGCCCAATGTAGG,15.86997009
503,TCATGTTGGCAGATT,15.8681762
676,TTACCAGTTGAACAA,15.8667689
686,TTAGGTATAGTATAC,15.85442398
500,TCATACGATAGCGTG,15.84603707
491,TCACTCCAGTACCGG,15.80606748
683,TTAGCCCACTGGCTG,15.79995027
684,TTAGGGTGCATTCCA,15.78708513
487,TCACAAGGACATTGA,15.78487969
688,TTAGTGCTGCATAGG,15.77959351
689,TTATCATGAGACGTG,15.75971798
670,TTAACCGGTGATATC,15.73753327
678,TTACGCGGTATCCCC,15.73087356
1186,GATAAGGTCTAAATC,15.67489799
693,TTATTACGTCAATCT,15.65838896
692,TTATGTTCGAAGGTT,15.63094878
505,TCATTCTGGGCAAGG,15.62950264
691,TTATGCCCAACTATG,15.56088405
539,TCGGAAACGGATCCA,15.01701774
540,TCGGAAGCGAGAGCT,14.95872233
730,TTGGAATATGGCACA,14.94382984
731,TTGGAGTGGGGGCAG,14.79863414
716,TTGAATTCATTGTGG,14.68605842
1029,CTACTAGCGGGGGCG,14.52883902
1026,CTACCGCCCTGCCGT,14.10706224
868,CCCAAAGATAGTTAA,14.02858077
695,TTCAAAGAAGCGCCT,13.98548569
870,CCCAATGCTCTGAGT,13.97312558
869,CCCAACTGCCCATTA,13.93824169
